"Material Handling","Beam Trolleys","http://www.avenuesupply.ca/en-ca/category/material-handling-beam-trolleys-298153.aspx"
"Material Handling","Casters & Wheels","http://www.avenuesupply.ca/en-ca/category/material-handling-casters-and-wheels-297393.aspx"
"Material Handling","Conveyors","http://www.avenuesupply.ca/en-ca/category/material-handling-conveyors-297397.aspx"
"Material Handling","Cranes","http://www.avenuesupply.ca/en-ca/category/material-handling-cranes-297405.aspx"
"Material Handling","Dollies","http://www.avenuesupply.ca/en-ca/category/material-handling-dollies-297386.aspx"
"Material Handling","Dumpers","http://www.avenuesupply.ca/en-ca/category/material-handling-dumpers-298165.aspx"
"Material Handling","Food Handling Paddles & Scrapers","http://www.avenuesupply.ca/en-ca/category/material-handling-food-handling-paddles-and-scrapers-439650.aspx"
"Material Handling","Food Handling Scoops","http://www.avenuesupply.ca/en-ca/category/material-handling-food-handling-scoops-439648.aspx"
"Material Handling","Food Handling Shovels & Forks","http://www.avenuesupply.ca/en-ca/category/material-handling-food-handling-shovels-and-forks-439647.aspx"
"Material Handling","Forklift Attachments","http://www.avenuesupply.ca/en-ca/category/material-handling-forklift-attachments-298154.aspx"
"Material Handling","Hoists & Accessories","http://www.avenuesupply.ca/en-ca/category/material-handling-hoists-and-accessories-298142.aspx"
"Material Handling","Lift Trucks","http://www.avenuesupply.ca/en-ca/category/material-handling-lift-trucks-298168.aspx"
"Material Handling","Pallet Jacks & Positioners","http://www.avenuesupply.ca/en-ca/category/material-handling-pallet-jacks-and-positioners-298169.aspx"
"Material Handling","Pallets","http://www.avenuesupply.ca/en-ca/category/material-handling-pallets-298174.aspx"
"Material Handling","Scissor Lifts & Lift Tables","http://www.avenuesupply.ca/en-ca/category/material-handling-scissor-lifts-and-lift-tables-298166.aspx"
"Material Handling","Turntables & Carousels","http://www.avenuesupply.ca/en-ca/category/material-handling-turntables-and-carousels-298167.aspx"
"Material Handling","Work Positioners","http://www.avenuesupply.ca/en-ca/category/material-handling-work-positioners-298187.aspx"
"Drums, Drum Handling & Storage","Drum Accessories","http://www.avenuesupply.ca/en-ca/category/drums-drum-handling-and-storage-drum-accessories-298194.aspx"
"Drums, Drum Handling & Storage","Drum Cabinets","http://www.avenuesupply.ca/en-ca/category/drums-drum-handling-and-storage-drum-cabinets-298222.aspx"
"Drums, Drum Handling & Storage","Drum Covers","http://www.avenuesupply.ca/en-ca/category/drums-drum-handling-and-storage-drum-covers-298193.aspx"
"Drums, Drum Handling & Storage","Drum Cradles","http://www.avenuesupply.ca/en-ca/category/drums-drum-handling-and-storage-drum-cradles-298207.aspx"
"Drums, Drum Handling & Storage","Drum Crushers & Trash Compactors","http://www.avenuesupply.ca/en-ca/category/drums-drum-handling-and-storage-drum-crushers-and-trash-compactors-298208.aspx"
"Drums, Drum Handling & Storage","Drum Dollies","http://www.avenuesupply.ca/en-ca/category/drums-drum-handling-and-storage-drum-dollies-298209.aspx"
"Drums, Drum Handling & Storage","Drum Dumpers","http://www.avenuesupply.ca/en-ca/category/drums-drum-handling-and-storage-drum-dumpers-298210.aspx"
"Drums, Drum Handling & Storage","Drum Heaters","http://www.avenuesupply.ca/en-ca/category/drums-drum-handling-and-storage-drum-heaters-298192.aspx"
"Drums, Drum Handling & Storage","Drum Lifters","http://www.avenuesupply.ca/en-ca/category/drums-drum-handling-and-storage-drum-lifters-298212.aspx"
"Drums, Drum Handling & Storage","Drum Pumps","http://www.avenuesupply.ca/en-ca/category/drums-drum-handling-and-storage-drum-pumps-298191.aspx"
"Drums, Drum Handling & Storage","Drum Racks","http://www.avenuesupply.ca/en-ca/category/drums-drum-handling-and-storage-drum-racks-298206.aspx"
"Drums, Drum Handling & Storage","Drum Secondary & Spill Containment","http://www.avenuesupply.ca/en-ca/category/drums-drum-handling-and-storage-drum-secondary-and-spill-containment-298216.aspx"
"Drums, Drum Handling & Storage","Drum Trucks","http://www.avenuesupply.ca/en-ca/category/drums-drum-handling-and-storage-drum-trucks-298205.aspx"
"Drums, Drum Handling & Storage","Drums","http://www.avenuesupply.ca/en-ca/category/drums-drum-handling-and-storage-drums-298189.aspx"
"Drums, Drum Handling & Storage","Outdoor Drum Storage","http://www.avenuesupply.ca/en-ca/category/drums-drum-handling-and-storage-outdoor-drum-storage-298221.aspx"
"Drums, Drum Handling & Storage","Overpack & Salvage Drums","http://www.avenuesupply.ca/en-ca/category/drums-drum-handling-and-storage-overpack-and-salvage-drums-298190.aspx"
"Cabinets & Lockers","Bin Cabinets","http://www.avenuesupply.ca/en-ca/category/cabinets-and-lockers-bin-cabinets-297326.aspx"
"Cabinets & Lockers","Industrial Drawer Cabinets","http://www.avenuesupply.ca/en-ca/category/cabinets-and-lockers-industrial-drawer-cabinets-297333.aspx"
"Cabinets & Lockers","Locker Room Benches","http://www.avenuesupply.ca/en-ca/category/cabinets-and-lockers-locker-room-benches-297340.aspx"
"Cabinets & Lockers","Lockers & Locks","http://www.avenuesupply.ca/en-ca/category/cabinets-and-lockers-lockers-and-locks-297334.aspx"
"Cabinets & Lockers","Safety Cabinets","http://www.avenuesupply.ca/en-ca/category/cabinets-and-lockers-safety-cabinets-297327.aspx"
"Cabinets & Lockers","Storage Cabinets","http://www.avenuesupply.ca/en-ca/category/cabinets-and-lockers-storage-cabinets-297325.aspx"
"Racks & Shelving","Bar & Sheet Storage Racks","http://www.avenuesupply.ca/en-ca/category/racks-and-shelving-bar-and-sheet-storage-racks-297378.aspx"
"Racks & Shelving","Bin Racks","http://www.avenuesupply.ca/en-ca/category/racks-and-shelving-bin-racks-297384.aspx"
"Racks & Shelving","Bin Shelving","http://www.avenuesupply.ca/en-ca/category/racks-and-shelving-bin-shelving-297383.aspx"
"Racks & Shelving","Cantilever Racks","http://www.avenuesupply.ca/en-ca/category/racks-and-shelving-cantilever-racks-297363.aspx"
"Racks & Shelving","Drum Racks","http://www.avenuesupply.ca/en-ca/category/racks-and-shelving-drum-racks-297357.aspx"
"Racks & Shelving","Dunnage Racks","http://www.avenuesupply.ca/en-ca/category/racks-and-shelving-dunnage-racks-297379.aspx"
"Racks & Shelving","Gravity Flow Racks","http://www.avenuesupply.ca/en-ca/category/racks-and-shelving-gravity-flow-racks-297380.aspx"
"Racks & Shelving","Pallet Racks","http://www.avenuesupply.ca/en-ca/category/racks-and-shelving-pallet-racks-297358.aspx"
"Racks & Shelving","Reel & Spool Racks","http://www.avenuesupply.ca/en-ca/category/racks-and-shelving-reel-and-spool-racks-297381.aspx"
"Racks & Shelving","Storage Shelving","http://www.avenuesupply.ca/en-ca/category/racks-and-shelving-storage-shelving-297368.aspx"
"Racks & Shelving","Tire Racks","http://www.avenuesupply.ca/en-ca/category/racks-and-shelving-tire-racks-297382.aspx"
"Storage Containers & Bins","Bin Accessories","http://www.avenuesupply.ca/en-ca/category/storage-containers-and-bins-bin-accessories-298241.aspx"
"Storage Containers & Bins","Bin Carts & Parts Organizers","http://www.avenuesupply.ca/en-ca/category/storage-containers-and-bins-bin-carts-and-parts-organizers-298240.aspx"
"Storage Containers & Bins","Bin Racks","http://www.avenuesupply.ca/en-ca/category/storage-containers-and-bins-bin-racks-298229.aspx"
"Storage Containers & Bins","Bin Shelving","http://www.avenuesupply.ca/en-ca/category/storage-containers-and-bins-bin-shelving-298228.aspx"
"Storage Containers & Bins","Bins","http://www.avenuesupply.ca/en-ca/category/storage-containers-and-bins-bins-298227.aspx"
"Storage Containers & Bins","Bottles, Jars & Jugs","http://www.avenuesupply.ca/en-ca/category/storage-containers-and-bins-bottles-jars-and-jugs-298248.aspx"
"Storage Containers & Bins","Bulk Containers","http://www.avenuesupply.ca/en-ca/category/storage-containers-and-bins-bulk-containers-298249.aspx"
"Storage Containers & Bins","Drums","http://www.avenuesupply.ca/en-ca/category/storage-containers-and-bins-drums-298250.aspx"
"Storage Containers & Bins","Pails & Accessories","http://www.avenuesupply.ca/en-ca/category/storage-containers-and-bins-pails-and-accessories-298246.aspx"
"Storage Containers & Bins","Safety Cans","http://www.avenuesupply.ca/en-ca/category/storage-containers-and-bins-safety-cans-298251.aspx"
"Storage Containers & Bins","Storage & IBC Tanks","http://www.avenuesupply.ca/en-ca/category/storage-containers-and-bins-storage-and-ibc-tanks-298247.aspx"
"Storage Containers & Bins","Totes & Containers","http://www.avenuesupply.ca/en-ca/category/storage-containers-and-bins-totes-and-containers-298242.aspx"
"Workbenches & Workshop Furniture","Machine Stands","http://www.avenuesupply.ca/en-ca/category/workbenches-and-workshop-furniture-machine-stands-298262.aspx"
"Workbenches & Workshop Furniture","Mats","http://www.avenuesupply.ca/en-ca/category/workbenches-and-workshop-furniture-mats-298276.aspx"
"Workbenches & Workshop Furniture","Part Washers & Wash Sinks","http://www.avenuesupply.ca/en-ca/category/workbenches-and-workshop-furniture-part-washers-and-wash-sinks-298293.aspx"
"Workbenches & Workshop Furniture","Shop Desks","http://www.avenuesupply.ca/en-ca/category/workbenches-and-workshop-furniture-shop-desks-298266.aspx"
"Workbenches & Workshop Furniture","Workbench Accessories","http://www.avenuesupply.ca/en-ca/category/workbenches-and-workshop-furniture-workbench-accessories-298289.aspx"
"Workbenches & Workshop Furniture","Workbench Components","http://www.avenuesupply.ca/en-ca/category/workbenches-and-workshop-furniture-workbench-components-298290.aspx"
"Workbenches & Workshop Furniture","Workbenches","http://www.avenuesupply.ca/en-ca/category/workbenches-and-workshop-furniture-workbenches-298278.aspx"
"Workbenches & Workshop Furniture","Workshop Cabinets","http://www.avenuesupply.ca/en-ca/category/workbenches-and-workshop-furniture-workshop-cabinets-298258.aspx"
"Workbenches & Workshop Furniture","Workshop Chairs & Stools","http://www.avenuesupply.ca/en-ca/category/workbenches-and-workshop-furniture-workshop-chairs-and-stools-298271.aspx"
"Workbenches & Workshop Furniture","Workshop Computer Workstations","http://www.avenuesupply.ca/en-ca/category/workbenches-and-workshop-furniture-workshop-computer-workstations-298263.aspx"
"Workbenches & Workshop Furniture","Workshop Drawer Cabinets","http://www.avenuesupply.ca/en-ca/category/workbenches-and-workshop-furniture-workshop-drawer-cabinets-298257.aspx"
"Workbenches & Workshop Furniture","Workshop Tool Boards & Accessories","http://www.avenuesupply.ca/en-ca/category/workbenches-and-workshop-furniture-workshop-tool-boards-and-accessories-298261.aspx"
"Dock & Warehouse","Barriers & Protectors","http://www.avenuesupply.ca/en-ca/category/dock-and-warehouse-barriers-and-protectors-299934.aspx"
"Dock & Warehouse","Bollards & Covers","http://www.avenuesupply.ca/en-ca/category/dock-and-warehouse-bollards-and-covers-299929.aspx"
"Dock & Warehouse","Cable & Hose Bridges","http://www.avenuesupply.ca/en-ca/category/dock-and-warehouse-cable-and-hose-bridges-299900.aspx"
"Dock & Warehouse","Cargo Bars & Straps","http://www.avenuesupply.ca/en-ca/category/dock-and-warehouse-cargo-bars-and-straps-299901.aspx"
"Dock & Warehouse","Curtain Walls","http://www.avenuesupply.ca/en-ca/category/dock-and-warehouse-curtain-walls-299902.aspx"
"Dock & Warehouse","Dock & Warehouse Doors","http://www.avenuesupply.ca/en-ca/category/dock-and-warehouse-dock-and-warehouse-doors-299940.aspx"
"Dock & Warehouse","Dock Bumpers","http://www.avenuesupply.ca/en-ca/category/dock-and-warehouse-dock-bumpers-299903.aspx"
"Dock & Warehouse","Dock Lights","http://www.avenuesupply.ca/en-ca/category/dock-and-warehouse-dock-lights-357994.aspx"
"Dock & Warehouse","Dock Plates & Boards","http://www.avenuesupply.ca/en-ca/category/dock-and-warehouse-dock-plates-and-boards-299904.aspx"
"Dock & Warehouse","Dock Seals & Shelters","http://www.avenuesupply.ca/en-ca/category/dock-and-warehouse-dock-seals-and-shelters-299905.aspx"
"Dock & Warehouse","Forklift Work Platforms","http://www.avenuesupply.ca/en-ca/category/dock-and-warehouse-forklift-work-platforms-299921.aspx"
"Dock & Warehouse","Guardrails","http://www.avenuesupply.ca/en-ca/category/dock-and-warehouse-guardrails-299930.aspx"
"Dock & Warehouse","Industrial Fans & Heaters","http://www.avenuesupply.ca/en-ca/category/dock-and-warehouse-industrial-fans-and-heaters-299906.aspx"
"Dock & Warehouse","Industrial Ladders","http://www.avenuesupply.ca/en-ca/category/dock-and-warehouse-industrial-ladders-299914.aspx"
"Dock & Warehouse","Industrial Trailer Jacks","http://www.avenuesupply.ca/en-ca/category/dock-and-warehouse-industrial-trailer-jacks-299927.aspx"
"Dock & Warehouse","Industrial Warehouse Brooms","http://www.avenuesupply.ca/en-ca/category/dock-and-warehouse-industrial-warehouse-brooms-299950.aspx"
"Dock & Warehouse","Line Stripers & Floor Tapes","http://www.avenuesupply.ca/en-ca/category/dock-and-warehouse-line-stripers-and-floor-tapes-299951.aspx"
"Dock & Warehouse","Loading Ramps","http://www.avenuesupply.ca/en-ca/category/dock-and-warehouse-loading-ramps-299928.aspx"
"Dock & Warehouse","Modular Buildings","http://www.avenuesupply.ca/en-ca/category/dock-and-warehouse-modular-buildings-299922.aspx"
"Dock & Warehouse","Security & Safety Mirrors","http://www.avenuesupply.ca/en-ca/category/dock-and-warehouse-security-and-safety-mirrors-299944.aspx"
"Dock & Warehouse","Warehouse Mezzanines","http://www.avenuesupply.ca/en-ca/category/dock-and-warehouse-warehouse-mezzanines-299949.aspx"
"Dock & Warehouse","Wheel & Tire Chocks","http://www.avenuesupply.ca/en-ca/category/dock-and-warehouse-wheel-and-tire-chocks-299923.aspx"
"Dock & Warehouse","Wire Partitions & Enclosures","http://www.avenuesupply.ca/en-ca/category/dock-and-warehouse-wire-partitions-and-enclosures-299924.aspx"
"Carts & Trucks","Audio/Visual Carts","http://www.avenuesupply.ca/en-ca/category/carts-and-trucks-audio-visual-carts-299953.aspx"
"Carts & Trucks","Bar Trucks","http://www.avenuesupply.ca/en-ca/category/carts-and-trucks-bar-trucks-299976.aspx"
"Carts & Trucks","Bin Carts & Parts Organizers","http://www.avenuesupply.ca/en-ca/category/carts-and-trucks-bin-carts-and-parts-organizers-299954.aspx"
"Carts & Trucks","Bulk & Basket Trucks","http://www.avenuesupply.ca/en-ca/category/carts-and-trucks-bulk-and-basket-trucks-299977.aspx"
"Carts & Trucks","Hand Trucks","http://www.avenuesupply.ca/en-ca/category/carts-and-trucks-hand-trucks-299962.aspx"
"Carts & Trucks","Instruments Carts & Trucks","http://www.avenuesupply.ca/en-ca/category/carts-and-trucks-instruments-carts-and-trucks-299958.aspx"
"Carts & Trucks","Janitorial & Housekeeping Carts","http://www.avenuesupply.ca/en-ca/category/carts-and-trucks-janitorial-and-housekeeping-carts-299956.aspx"
"Carts & Trucks","Landscape Carts and Wagons","http://www.avenuesupply.ca/en-ca/category/carts-and-trucks-landscape-carts-and-wagons-299955.aspx"
"Carts & Trucks","Maintenance Carts","http://www.avenuesupply.ca/en-ca/category/carts-and-trucks-maintenance-carts-299957.aspx"
"Carts & Trucks","Panel & Sheet Trucks","http://www.avenuesupply.ca/en-ca/category/carts-and-trucks-panel-and-sheet-trucks-299978.aspx"
"Carts & Trucks","Platform Trucks","http://www.avenuesupply.ca/en-ca/category/carts-and-trucks-platform-trucks-299968.aspx"
"Carts & Trucks","Security Trucks","http://www.avenuesupply.ca/en-ca/category/carts-and-trucks-security-trucks-299979.aspx"
"Carts & Trucks","Shelf Trucks","http://www.avenuesupply.ca/en-ca/category/carts-and-trucks-shelf-trucks-299980.aspx"
"Carts & Trucks","Tilt Trucks","http://www.avenuesupply.ca/en-ca/category/carts-and-trucks-tilt-trucks-299983.aspx"
"Carts & Trucks","Utility Carts","http://www.avenuesupply.ca/en-ca/category/carts-and-trucks-utility-carts-299959.aspx"
"Industrial Safety","Crowd Control Posts & Barricade Tapes","http://www.avenuesupply.ca/en-ca/category/industrial-safety-crowd-control-posts-and-barricade-tapes-299994.aspx"
"Industrial Safety","Cylinder Trucks","http://www.avenuesupply.ca/en-ca/category/industrial-safety-cylinder-trucks-299993.aspx"
"Industrial Safety","Emergency Eyewash Stations","http://www.avenuesupply.ca/en-ca/category/industrial-safety-emergency-eyewash-stations-299996.aspx"
"Industrial Safety","Fire Extinguishers","http://www.avenuesupply.ca/en-ca/category/industrial-safety-fire-extinguishers-395893.aspx"
"Industrial Safety","First Aid Kits & Supplies","http://www.avenuesupply.ca/en-ca/category/industrial-safety-first-aid-kits-and-supplies-300009.aspx"
"Industrial Safety","Industrial Spill Cleanup Supplies","http://www.avenuesupply.ca/en-ca/category/industrial-safety-industrial-spill-cleanup-supplies-299997.aspx"
"Industrial Safety","Lockout","http://www.avenuesupply.ca/en-ca/category/industrial-safety-lockout-300017.aspx"
"Industrial Safety","Oil Waste Receptacles","http://www.avenuesupply.ca/en-ca/category/industrial-safety-oil-waste-receptacles-299995.aspx"
"Industrial Safety","Outdoor Drum & IBC Storage","http://www.avenuesupply.ca/en-ca/category/industrial-safety-outdoor-drum-and-ibc-storage-299998.aspx"
"Industrial Safety","Personal Protective Equipment","http://www.avenuesupply.ca/en-ca/category/industrial-safety-personal-protective-equipment-299999.aspx"
"Industrial Safety","Safety Cabinets","http://www.avenuesupply.ca/en-ca/category/industrial-safety-safety-cabinets-299987.aspx"
"Industrial Safety","Safety Cans","http://www.avenuesupply.ca/en-ca/category/industrial-safety-safety-cans-299985.aspx"
"Industrial Safety","Safety Signs & Posters","http://www.avenuesupply.ca/en-ca/category/industrial-safety-safety-signs-and-posters-300010.aspx"
"Industrial Safety","Secondary & Spill Containment","http://www.avenuesupply.ca/en-ca/category/industrial-safety-secondary-and-spill-containment-300011.aspx"
"Industrial Safety","Smoking Receptacles","http://www.avenuesupply.ca/en-ca/category/industrial-safety-smoking-receptacles-299986.aspx"
"Office & Furniture","Audio/Visual Equipment","http://www.avenuesupply.ca/en-ca/category/office-and-furniture-audio-visual-equipment-300023.aspx"
"Office & Furniture","Blueprint Storage & Accessories","http://www.avenuesupply.ca/en-ca/category/office-and-furniture-blueprint-storage-and-accessories-300028.aspx"
"Office & Furniture","Bookcases","http://www.avenuesupply.ca/en-ca/category/office-and-furniture-bookcases-300041.aspx"
"Office & Furniture","Bulletin Boards & Message Boards","http://www.avenuesupply.ca/en-ca/category/office-and-furniture-bulletin-boards-and-message-boards-300043.aspx"
"Office & Furniture","Cafeteria Furniture","http://www.avenuesupply.ca/en-ca/category/office-and-furniture-cafeteria-furniture-300034.aspx"
"Office & Furniture","Chair Mats","http://www.avenuesupply.ca/en-ca/category/office-and-furniture-chair-mats-300046.aspx"
"Office & Furniture","Coat Racks & Hangers","http://www.avenuesupply.ca/en-ca/category/office-and-furniture-coat-racks-and-hangers-300047.aspx"
"Office & Furniture","Computer Furniture","http://www.avenuesupply.ca/en-ca/category/office-and-furniture-computer-furniture-300048.aspx"
"Office & Furniture","Conference Room Furniture","http://www.avenuesupply.ca/en-ca/category/office-and-furniture-conference-room-furniture-300083.aspx"
"Office & Furniture","Dry Erase & Chalk Boards","http://www.avenuesupply.ca/en-ca/category/office-and-furniture-dry-erase-and-chalk-boards-300042.aspx"
"Office & Furniture","File Cabinets","http://www.avenuesupply.ca/en-ca/category/office-and-furniture-file-cabinets-300053.aspx"
"Office & Furniture","Lecterns","http://www.avenuesupply.ca/en-ca/category/office-and-furniture-lecterns-300059.aspx"
"Office & Furniture","Literature Racks & Organizers","http://www.avenuesupply.ca/en-ca/category/office-and-furniture-literature-racks-and-organizers-300052.aspx"
"Office & Furniture","Mailroom Furniture & Carts","http://www.avenuesupply.ca/en-ca/category/office-and-furniture-mailroom-furniture-and-carts-300060.aspx"
"Office & Furniture","Office Accessories & Furnishings","http://www.avenuesupply.ca/en-ca/category/office-and-furniture-office-accessories-and-furnishings-300087.aspx"
"Office & Furniture","Office Chairs & Stools","http://www.avenuesupply.ca/en-ca/category/office-and-furniture-office-chairs-and-stools-300068.aspx"
"Office & Furniture","Office Clocks","http://www.avenuesupply.ca/en-ca/category/office-and-furniture-office-clocks-300086.aspx"
"Office & Furniture","Office Desks","http://www.avenuesupply.ca/en-ca/category/office-and-furniture-office-desks-300067.aspx"
"Office & Furniture","Office Partitions & Modular System","http://www.avenuesupply.ca/en-ca/category/office-and-furniture-office-partitions-and-modular-system-300061.aspx"
"Office & Furniture","Office Tables","http://www.avenuesupply.ca/en-ca/category/office-and-furniture-office-tables-300073.aspx"
"Office & Furniture","Reception Room Furniture","http://www.avenuesupply.ca/en-ca/category/office-and-furniture-reception-room-furniture-300079.aspx"
"Office & Furniture","Record Storage Shelving","http://www.avenuesupply.ca/en-ca/category/office-and-furniture-record-storage-shelving-300044.aspx"
"Office & Furniture","Storage Cabinets","http://www.avenuesupply.ca/en-ca/category/office-and-furniture-storage-cabinets-300045.aspx"
"Office & Furniture","Training Room Furniture","http://www.avenuesupply.ca/en-ca/category/office-and-furniture-training-room-furniture-300076.aspx"
"Packaging & Shipping Supplies","Boxes & Cartons","http://www.avenuesupply.ca/en-ca/category/packaging-and-shipping-supplies-boxes-and-cartons-301004.aspx"
"Packaging & Shipping Supplies","Bundling Materials","http://www.avenuesupply.ca/en-ca/category/packaging-and-shipping-supplies-bundling-materials-300992.aspx"
"Packaging & Shipping Supplies","Cushioning & Protective Packaging","http://www.avenuesupply.ca/en-ca/category/packaging-and-shipping-supplies-cushioning-and-protective-packaging-300993.aspx"
"Packaging & Shipping Supplies","Heat Sealers & Shrink Film","http://www.avenuesupply.ca/en-ca/category/packaging-and-shipping-supplies-heat-sealers-and-shrink-film-300999.aspx"
"Packaging & Shipping Supplies","Packing Benches & Carts","http://www.avenuesupply.ca/en-ca/category/packaging-and-shipping-supplies-packing-benches-and-carts-301000.aspx"
"Packaging & Shipping Supplies","Pallet Covers","http://www.avenuesupply.ca/en-ca/category/packaging-and-shipping-supplies-pallet-covers-301030.aspx"
"Packaging & Shipping Supplies","Paper Bags","http://www.avenuesupply.ca/en-ca/category/packaging-and-shipping-supplies-paper-bags-301052.aspx"
"Packaging & Shipping Supplies","Poly Bags & Bag Sealers","http://www.avenuesupply.ca/en-ca/category/packaging-and-shipping-supplies-poly-bags-and-bag-sealers-301001.aspx"
"Packaging & Shipping Supplies","Retail Labellers and Labels","http://www.avenuesupply.ca/en-ca/category/packaging-and-shipping-supplies-retail-labellers-and-labels-301003.aspx"
"Packaging & Shipping Supplies","Shipping Envelopes","http://www.avenuesupply.ca/en-ca/category/packaging-and-shipping-supplies-shipping-envelopes-301014.aspx"
"Packaging & Shipping Supplies","Shipping Scales","http://www.avenuesupply.ca/en-ca/category/packaging-and-shipping-supplies-shipping-scales-301020.aspx"
"Packaging & Shipping Supplies","Shipping Tags & Labels","http://www.avenuesupply.ca/en-ca/category/packaging-and-shipping-supplies-shipping-tags-and-labels-301027.aspx"
"Packaging & Shipping Supplies","Staplers","http://www.avenuesupply.ca/en-ca/category/packaging-and-shipping-supplies-staplers-301031.aspx"
"Packaging & Shipping Supplies","Strapping & Supplies","http://www.avenuesupply.ca/en-ca/category/packaging-and-shipping-supplies-strapping-and-supplies-301032.aspx"
"Packaging & Shipping Supplies","Stretch Wrap & Supplies","http://www.avenuesupply.ca/en-ca/category/packaging-and-shipping-supplies-stretch-wrap-and-supplies-301036.aspx"
"Packaging & Shipping Supplies","Tape","http://www.avenuesupply.ca/en-ca/category/packaging-and-shipping-supplies-tape-301040.aspx"
"Packaging & Shipping Supplies","Tape Dispensers","http://www.avenuesupply.ca/en-ca/category/packaging-and-shipping-supplies-tape-dispensers-301048.aspx"
"Packaging & Shipping Supplies","Utility Knives & Box Cutters","http://www.avenuesupply.ca/en-ca/category/packaging-and-shipping-supplies-utility-knives-and-box-cutters-300991.aspx"
"Outdoor Products","Bike Racks & Bike Locks","http://www.avenuesupply.ca/en-ca/category/outdoor-products-bike-racks-and-bike-locks-301055.aspx"
"Outdoor Products","Bollards & Covers","http://www.avenuesupply.ca/en-ca/category/outdoor-products-bollards-and-covers-301056.aspx"
"Outdoor Products","Flags","http://www.avenuesupply.ca/en-ca/category/outdoor-products-flags-301057.aspx"
"Outdoor Products","Industrial Sweepers","http://www.avenuesupply.ca/en-ca/category/outdoor-products-industrial-sweepers-301058.aspx"
"Outdoor Products","Lawn Care & Landscaping","http://www.avenuesupply.ca/en-ca/category/outdoor-products-lawn-care-and-landscaping-301059.aspx"
"Outdoor Products","Outdoor Furniture","http://www.avenuesupply.ca/en-ca/category/outdoor-products-outdoor-furniture-301065.aspx"
"Outdoor Products","Outdoor Security Fencing & Enclosures","http://www.avenuesupply.ca/en-ca/category/outdoor-products-outdoor-security-fencing-and-enclosures-301085.aspx"
"Outdoor Products","Outdoor Shelters & Tents","http://www.avenuesupply.ca/en-ca/category/outdoor-products-outdoor-shelters-and-tents-301072.aspx"
"Outdoor Products","Outdoor Smoking Receptacles","http://www.avenuesupply.ca/en-ca/category/outdoor-products-outdoor-smoking-receptacles-301069.aspx"
"Outdoor Products","Outdoor Trash Cans & Tops","http://www.avenuesupply.ca/en-ca/category/outdoor-products-outdoor-trash-cans-and-tops-301074.aspx"
"Outdoor Products","Parking Lot & Traffic Safety","http://www.avenuesupply.ca/en-ca/category/outdoor-products-parking-lot-and-traffic-safety-301075.aspx"
"Outdoor Products","Salt & Liquid Ice Melt","http://www.avenuesupply.ca/en-ca/category/outdoor-products-salt-and-liquid-ice-melt-301086.aspx"
"Outdoor Products","Smoking Shelters","http://www.avenuesupply.ca/en-ca/category/outdoor-products-smoking-shelters-301070.aspx"
"Outdoor Products","Storage Sheds","http://www.avenuesupply.ca/en-ca/category/outdoor-products-storage-sheds-301071.aspx"
"Janitorial & Maintenance","Air & Spray Guns","http://www.avenuesupply.ca/en-ca/category/janitorial-and-maintenance-air-and-spray-guns-301165.aspx"
"Janitorial & Maintenance","Air Compressors","http://www.avenuesupply.ca/en-ca/category/janitorial-and-maintenance-air-compressors-301124.aspx"
"Janitorial & Maintenance","Bathroom Equipment","http://www.avenuesupply.ca/en-ca/category/janitorial-and-maintenance-bathroom-equipment-301115.aspx"
"Janitorial & Maintenance","Bench Mount Vises","http://www.avenuesupply.ca/en-ca/category/janitorial-and-maintenance-bench-mount-vises-301148.aspx"
"Janitorial & Maintenance","Cleaning Tools & Supplies","http://www.avenuesupply.ca/en-ca/category/janitorial-and-maintenance-cleaning-tools-and-supplies-301095.aspx"
"Janitorial & Maintenance","Floor Care Machines","http://www.avenuesupply.ca/en-ca/category/janitorial-and-maintenance-floor-care-machines-301131.aspx"
"Janitorial & Maintenance","Forklift Work Platforms","http://www.avenuesupply.ca/en-ca/category/janitorial-and-maintenance-forklift-work-platforms-301093.aspx"
"Janitorial & Maintenance","Janitorial/Housekeeping Cabinets","http://www.avenuesupply.ca/en-ca/category/janitorial-and-maintenance-janitorial-housekeeping-cabinets-301134.aspx"
"Janitorial & Maintenance","Janitorial/Housekeeping Carts","http://www.avenuesupply.ca/en-ca/category/janitorial-and-maintenance-janitorial-housekeeping-carts-301135.aspx"
"Janitorial & Maintenance","Magnetic Sweepers & Lifters","http://www.avenuesupply.ca/en-ca/category/janitorial-and-maintenance-magnetic-sweepers-and-lifters-301169.aspx"
"Janitorial & Maintenance","Maintenance & Floor Cleaning Signs","http://www.avenuesupply.ca/en-ca/category/janitorial-and-maintenance-maintenance-and-floor-cleaning-signs-301153.aspx"
"Janitorial & Maintenance","Maintenance & Shop Reels","http://www.avenuesupply.ca/en-ca/category/janitorial-and-maintenance-maintenance-and-shop-reels-301147.aspx"
"Janitorial & Maintenance","Maintenance Tapes","http://www.avenuesupply.ca/en-ca/category/janitorial-and-maintenance-maintenance-tapes-301154.aspx"
"Janitorial & Maintenance","Mats","http://www.avenuesupply.ca/en-ca/category/janitorial-and-maintenance-mats-301088.aspx"
"Janitorial & Maintenance","Paper Supplies","http://www.avenuesupply.ca/en-ca/category/janitorial-and-maintenance-paper-supplies-301110.aspx"
"Janitorial & Maintenance","Pipe Fittings","http://www.avenuesupply.ca/en-ca/category/janitorial-and-maintenance-pipe-fittings-301094.aspx"
"Janitorial & Maintenance","Pressure Washers","http://www.avenuesupply.ca/en-ca/category/janitorial-and-maintenance-pressure-washers-301164.aspx"
"Janitorial & Maintenance","Recycling Bins & Lids","http://www.avenuesupply.ca/en-ca/category/janitorial-and-maintenance-recycling-bins-and-lids-301143.aspx"
"Janitorial & Maintenance","Service Jacks","http://www.avenuesupply.ca/en-ca/category/janitorial-and-maintenance-service-jacks-301152.aspx"
"Janitorial & Maintenance","Step Ladders & Step Stands","http://www.avenuesupply.ca/en-ca/category/janitorial-and-maintenance-step-ladders-and-step-stands-301168.aspx"
"Janitorial & Maintenance","Tilt Trucks & Trash Can Dumpers","http://www.avenuesupply.ca/en-ca/category/janitorial-and-maintenance-tilt-trucks-and-trash-can-dumpers-301137.aspx"
"Janitorial & Maintenance","Trash Cans & Tops","http://www.avenuesupply.ca/en-ca/category/janitorial-and-maintenance-trash-cans-and-tops-301138.aspx"
"Janitorial & Maintenance","Trash Compactors & Baler","http://www.avenuesupply.ca/en-ca/category/janitorial-and-maintenance-trash-compactors-and-baler-301136.aspx"
"Janitorial & Maintenance","Vacuums","http://www.avenuesupply.ca/en-ca/category/janitorial-and-maintenance-vacuums-301125.aspx"
"Janitorial & Maintenance","Vehicle Maintenance","http://www.avenuesupply.ca/en-ca/category/janitorial-and-maintenance-vehicle-maintenance-301166.aspx"
"Janitorial & Maintenance","Work Lights","http://www.avenuesupply.ca/en-ca/category/janitorial-and-maintenance-work-lights-301167.aspx"
