Air & Spray Guns,32
Air Compressors,1
Audio/Visual Carts,6
Audio/Visual Equipment,52
Bar & Sheet Storage Racks,30
Bar Trucks,16
Barriers & Protectors,153
Bathroom Equipment,86
,
Bench Mount Vises,13
Bike Racks & Bike Locks,43
Bin Accessories,30
Bin Cabinets,64
Bin Carts & Parts Organizers,227
Bin Racks,224
Bin Shelving,462
Bins,1397
Blueprint Storage & Accessories,242
Bollards & Covers,65
Bookcases,312
"Bottles, Jars & Jugs",196
Boxes & Cartons,1635
Bulk & Basket Trucks,732
Bulk Containers,300
Bulletin Boards & Message Boards,91
Bundling Materials,25
Cable & Hose Bridges,26
Cafeteria Furniture,462
Cantilever Racks,253
Cargo Bars & Straps,24
Casters & Wheels,490
Chair Mats,79
Cleaning Tools & Supplies,351
Coat Racks & Hangers,57
Computer Furniture,37
Conference Room Furniture,29
Conveyors,554
Cranes,292
Crowd Control Posts & Barricade Tapes,6
Curtain Walls,87
Cushioning & Protective Packaging,337
Cylinder Trucks,1
Dock & Warehouse Doors,168
Dock Bumpers,15
Dock Lights,15
Dock Plates & Boards,415
Dock Seals & Shelters,10
Dollies,271
Drum Accessories,62
Drum Cabinets,16
Drum Covers,21
Drum Cradles,13
Drum Crushers & Trash Compactors,5
Drum Dollies,4
Drum Dumpers,26
Drum Heaters,29
Drum Lifters,65
Drum Pumps,30
Drum Racks,11
Drum Secondary & Spill Containment,17
Drum Trucks,25
Drums,117
Dry Erase & Chalk Boards,121
Dumpers,57
Dunnage Racks,61
Emergency Eyewash Stations,52
File Cabinets,189
Fire Extinguishers,4
First Aid Kits & Supplies,125
Flags,15
Floor Care Machines,17
Food Handling Paddles & Scrapers,65
Food Handling Scoops,44
Food Handling Shovels & Forks,37
Forklift Attachments,482
Forklift Work Platforms,46
Gravity Flow Racks,88
Guardrails,224
Hand Trucks,212
Heat Sealers & Shrink Film,36
Hoists & Accessories,461
Industrial Drawer Cabinets,274
Industrial Fans & Heaters,101
Industrial Ladders,1330
Industrial Spill Cleanup Supplies,117
Industrial Sweepers,2
Industrial Trailer Jacks,53
Instruments Carts & Trucks,45
Janitorial & Housekeeping Carts,15
Janitorial/Housekeeping Cabinets,8
Landscape Carts and Wagons,2
Lawn Care & Landscaping,18
Lecterns,28
Lift Trucks,172
Line Stripers & Floor Tapes,180
Literature Racks & Organizers,104
Loading Ramps,84
Locker Room Benches,74
Lockers & Locks,2593
Lockout,120
Machine Stands,400
Magnetic Sweepers & Lifters,16
Mailroom Furniture & Carts,8
Maintenance & Floor Cleaning Signs,22
Maintenance & Shop Reels,75
Maintenance Carts,7
Mats,7090
Modular Buildings,81
Office Accessories & Furnishings,109
Office Chairs & Stools,750
Office Clocks,18
Office Desks,36
Office Partitions & Modular System,26
Office Tables,258
Oil Waste Receptacles,16
Outdoor Drum Storage,18
Outdoor Furniture,325
Outdoor Security Fencing & Enclosures,9
Outdoor Shelters & Tents,37
Outdoor Smoking Receptacles,3
Outdoor Trash Cans & Tops,66
Overpack & Salvage Drums,17
Packing Benches & Carts,1
Pails & Accessories,81
Pallet Covers,84
Pallet Jacks & Positioners,137
Pallet Racks,845
Pallets,98
Panel & Sheet Trucks,81
Paper Bags,45
Paper Supplies,42
Parking Lot & Traffic Safety,161
Part Washers & Wash Sinks,55
Personal Protective Equipment,315
Pipe Fittings,90
Platform Trucks,628
Poly Bags & Bag Sealers,1690
Pressure Washers,28
Reception Room Furniture,53
Record Storage Shelving,49
Recycling Bins & Lids,225
Reel & Spool Racks,39
Retail Labellers and Labels,18
Safety Cabinets,343
Safety Cans,57
Safety Signs & Posters,427
Salt & Liquid Ice Melt,9
Scissor Lifts & Lift Tables,475
Secondary & Spill Containment,281
Security & Safety Mirrors,99
Security Trucks,176
Service Jacks,7
Shelf Trucks,839
Shipping Envelopes,224
Shipping Scales,60
Shipping Tags & Labels,327
Shop Desks,44
Smoking Receptacles,92
Smoking Shelters,26
Staplers,16
Storage & IBC Tanks,60
Storage Cabinets,1025
Storage Sheds,24
Storage Shelving,4470
Strapping & Supplies,182
Stretch Wrap & Supplies,138
Tape,159
Tape Dispensers,48
Tilt Trucks,217
Tilt Trucks & Trash Can Dumpers,5
Tire Racks,38
Totes & Containers,1235
Training Room Furniture,70
Trash Cans & Tops,375
Trash Compactors & Baler,1
Turntables & Carousels,43
Utility Carts,901
Utility Knives & Box Cutters,19
Vacuums,69
Vehicle Maintenance,11
Warehouse Mezzanines,65
Wheel & Tire Chocks,40
Wire Partitions & Enclosures,474
Work Lights,67
Work Positioners,10
Workbench Accessories,204
Workbench Components,421
Workbenches,1982
Workshop Cabinets,220
Workshop Chairs & Stools,437
Workshop Computer Workstations,113
Workshop Drawer Cabinets,22
Workshop Tool Boards & Accessories,116
